BlockSource: http://rsssf.com/tablesf/fran06.html
Season: 2005-2006
Competition: Ligue 1
home-first

* 1.Olympique Lyonnais        38 25  9  4  73-31  84  Champions
* 2.FC Girondins Bordeaux     38 18 15  5  43-25  69  Champions League
* 3.Lille OSC                 38 16 14  8  56-31  62  CL Qualifiying
* 4.RC Lens                   38 14 18  6  48-34  60  UEFA Cup
* 5.Olympique de Marseille    38 16 12 10  44-35  60
* 6.AJ Auxerre                38 17  8 13  50-39  59
* 7.Stade Rennais FC          38 18  5 15  48-49  59
* 8.OGC Nice                  38 16 10 12  36-31  58
* 9.Paris-Saint-Germain FC    38 13 13 12  44-38  52  UEFA Cup (Cup)
*10.AS Monaco FC              38 13 13 12  42-36  52
*11.Le Mans UC 72             38 13 13 12  33-36  52
*12.AS Nancy Lorraine         38 12 12 14  35-37  48  UEFA Cup (League Cup)
*13.AS Saint-Etienne          38 11 14 13  29-39  47
*14.FC Nantes                 38 11 12 15  37-41  45
*15.FC Sochaux-Montbéliard    38 11 11 16  34-47  44
*16.Toulouse FC               38 10 11 17  36-47  41
*17.ES Troyes AC              38  9 12 17  37-47  39
*---------------------------------------------------
*18.AC Ajaccio                38  8  9 21  27-53  33  Relegated
*19.RC Strasbourg             38  5 14 19  33-56  29  Relegated
*20.FC Metz                   38  6 11 21  26-59  29  Relegated

*NB: Marseille and PSG temporarily had one point deducted by 
*    the LFP (Ligue de Football Professionnel) for infantile 
*    behaviour around their Mar 5 encounter; this deduction
*    was revoked on appeal

Round: 1
Date: 7/29/2005

; Paris SG     ; 4-1; Metz

Date: 7/30/2005

; Marseille    ; 0-2; Bordeaux      
; Lille        ; 1-0; Rennes
; Nancy        ; 0-1; Monaco
; Nantes       ; 2-0; Lens
; Nice         ; 1-1; Troyes
; Sochaux      ; 0-1; Toulouse
; Saint-Etienne; 0-0; Ajaccio
; Strasbourg   ; 0-0; Auxerre

Date: 7/31/2005

; Le Mans      ; 1-2; Lyon

Round: 2
Date: 8/6/2005

; Lens         ; 2-0; Marseille
; Metz         ; 0-0; Le Mans
; Monaco       ; 0-2; Auxerre
; Sochaux      ; 0-1; Paris SG
; Toulouse     ; 0-2; Nice
; Troyes       ; 0-0; Saint-Etienne
; Bordeaux     ; 1-0; Nancy
; Ajaccio      ; 3-3; Lille

Date: 8/7/2005

; Rennes       ; 0-3; Nantes
; Lyon         ; 1-0; Strasbourg

Round: 3
Date: 8/13/2005

; Paris SG     ; 2-0; Toulouse
; Saint-Etienne; 2-0; Metz  
; Nancy        ; 1-2; Lens
; Auxerre      ; 1-0; Bordeaux
; Le Mans      ; 4-0; Rennes
; Lille        ; 1-2; Troyes
; Nantes       ; 0-2; Ajaccio
; Nice         ; 1-2; Sochaux

Date: 8/14/2005

; Strasbourg   ; 1-2; Monaco
; Marseille    ; 1-1; Lyon

Round: 4
Date: 8/20/2005

; Bordeaux     ; 1-0; Monaco
; Lens         ; 7-0; Auxerre
; Metz         ; 0-0; Strasbourg
; Nice         ; 1-1; Nantes
; Rennes       ; 3-2; Marseille
; Sochaux      ; 0-0; Lille
; Lyon         ; 1-0; Nancy
; Ajaccio      ; 0-0; Le Mans

Date: 8/21/2005

; Toulouse     ; 1-1; Saint-Etienne
; Troyes       ; 1-1; Paris SG

Round: 5
Date: 8/24/2005

; Lille        ; 0-0; Toulouse

Date: 8/27/2005

; Marseille    ; 1-1; Ajaccio
; Nantes       ; 0-0; Metz
; Paris SG     ; 1-2; Nice
; Saint-Etienne; 0-0; Sochaux
; Strasbourg   ; 0-0; Bordeaux
; Le Mans      ; 1-0; Troyes
; Nancy        ; 6-0; Rennes

Date: 8/28/2005

; Monaco       ; 0-0; Lens
; Auxerre      ; 0-2; Lyon

Round: 6
Date: 9/10/2005

; Lyon         ; 2-1; Monaco
; Troyes       ; 1-0; Nantes
; Toulouse     ; 0-2; Le Mans
; Rennes       ; 3-1; Auxerre       
; Ajaccio      ; 1-0; Nancy         
; Paris SG     ; 1-0; Strasbourg    
; Nice         ; 0-1; Saint-Etienne 
; Metz         ; 0-2; Lille

Date: 9/11/2005

; Lens         ; 1-1; Bordeaux
; Sochaux      ; 0-1; Marseille

Round: 7
Date: 9/17/2005

; Nancy        ; 1-1; Metz 
; Nantes       ; 2-0; Toulouse
; Bordeaux     ; 1-1; Lyon 
; Le Mans      ; 2-1; Sochaux       
; Lille        ; 4-0; Nice 

Date: 9/18/2005

; Auxerre      ; 2-0; Ajaccio
; Monaco       ; 0-2; Rennes 
; Marseille    ; 2-1; Troyes
; Strasbourg   ; 1-1; Lens 
; Saint-Etienne; 3-0; Paris SG

Round: 8
Date: 9/21/2005

; Ajaccio      ; 0-0; Strasbourg 
; Troyes       ; 1-2; Monaco     
; Metz         ; 1-2; Auxerre 
; Sochaux      ; 1-0; Nantes 
; Nice         ; 1-0; Le Mans
; Paris SG     ; 2-1; Lille 
; Rennes       ; 2-2; Bordeaux 
; Saint-Etienne; 0-2; Nancy
; Toulouse     ; 1-0; Marseille 

Date: 9/22/2005

; Lyon         ; 1-1; Lens

Round: 9
Date: 9/24/2005

; Auxerre      ; 3-0; Sochaux 
; Monaco       ; 0-0; Nice    
; Nancy        ; 2-1; Troyes 
; Bordeaux     ; 1-0; Ajaccio 
; Le Mans      ; 0-0; Paris SG
; Lille        ; 2-0; Saint-Etienne 
; Marseille    ; 3-1; Metz 
; Strasbourg   ; 2-4; Toulouse

Date: 9/25/2005

; Nantes       ; 0-1; Lyon 
; Lens         ; 0-0; Rennes 

Round: 10
Date: 10/1/2005

; Paris SG     ; 2-0; Nantes
; Saint-Etienne; 3-0; Le Mans
; Metz         ; 0-1; Bordeaux
; Sochaux      ; 0-2; Nancy

Date: 10/2/2005

; Lille        ; 0-1; Monaco
; Rennes       ; 1-3; Lyon
; Toulouse     ; 2-0; Auxerre
; Troyes       ; 1-1; Strasbourg
; Nice         ; 0-1; Marseille

Date: 11/11/2005

; Ajaccio      ; 0-0; Lens

Round: 11
Date: 10/15/2005

; Nantes       ; 1-1; Saint-Etienne
; Le Mans      ; 1-1; Lille
; Lens         ; 2-2; Nice
; Auxerre      ; 3-0; Troyes
; Nancy        ; 2-0; Toulouse
; Monaco       ; 3-0; Metz
; Bordeaux     ; 1-1; Sochaux
; Strasbourg   ; 0-1; Rennes

Date: 10/16/2005

; Lyon         ; 3-2; Ajaccio
; Marseille    ; 1-0; Paris SG

Round: 12
Date: 10/22/2005

; Metz         ; 0-4; Lyon
; Nice         ; 1-0; Auxerre
; Toulouse     ; 1-1; Bordeaux      
; Lille        ; 2-0; Nantes
; Paris SG     ; 1-0; Nancy

Date: 10/23/2005

; Sochaux      ; 2-1; Monaco
; Troyes       ; 1-1; Lens
; Ajaccio      ; 0-1; Rennes        
; Le Mans      ; 2-0; Strasbourg
; Saint-Etienne; 2-1; Marseille

Round: 13
Date: 10/29/2005

; Marseille    ; 1-1; Lille
; Lyon         ; 1-0; Sochaux
; Lens         ; 1-0; Toulouse
; Bordeaux     ; 2-0; Troyes
; Strasbourg   ; 0-1; Saint-Etienne
; Rennes       ; 2-1; Metz
; Nantes       ; 1-0; Le Mans
; Monaco       ; 3-0; Ajaccio

Date: 10/30/2005

; Nancy        ; 0-0; Nice
; Auxerre      ; 2-0; Paris SG

Round: 14
Date: 11/5/2005

; Toulouse     ; 0-1; Lyon
; Le Mans      ; 3-0; Marseille
; Metz         ; 2-0; Ajaccio
; Nantes       ; 3-0; Nancy
; Nice         ; 0-1; Bordeaux
; Saint-Etienne; 1-1; Auxerre

Date: 11/6/2005

; Troyes       ; 2-1; Rennes
; Sochaux      ; 1-1; Lens
; Lille        ; 2-0; Strasbourg
; Paris SG     ; 0-0; Monaco

Round: 15
Date: 11/19/2005

; Monaco       ; 1-0; Saint-Etienne 
; Marseille    ; 2-1; Nantes        
; Lyon         ; 2-1; Troyes
; Auxerre      ; 3-2; Lille
; Ajaccio      ; 0-1; Sochaux
; Strasbourg   ; 0-0; Nice  
; Lens         ; 0-0; Metz  
; Nancy        ; 1-0; Le Mans

Date: 11/20/2005

; Rennes       ; 4-1; Toulouse
; Bordeaux     ; 0-2; Paris SG

Round: 16
Date: 11/25/2005

; Le Mans      ; 0-2; Auxerre

Date: 11/26/2005

; Saint-Etienne; 1-1; Bordeaux 
; Lille        ; 1-0; Nancy
; Nice         ; 1-1; Lyon
; Sochaux      ; 1-0; Rennes
; Toulouse     ; 3-0; Ajaccio
; Troyes       ; 0-0; Metz

Date: 11/27/2005

; Paris SG     ; 3-4; Lens 
; Nantes       ; 4-3; Strasbourg
; Marseille    ; 2-1; Monaco

Round: 17
Date: 12/3/2005

; Lyon         ; 2-0; Paris SG
; Auxerre      ; 4-0; Nantes 
; Strasbourg   ; 0-0; Sochaux 
; Monaco       ; 2-0; Le Mans 
; Ajaccio      ; 0-1; Troyes
; Bordeaux     ; 1-0; Lille 
; Metz         ; 2-2; Toulouse

Date: 12/4/2005

; Rennes       ; 1-0; Nice  
; Nancy        ; 1-1; Marseille
; Lens         ; 2-1; Saint-Etienne

Round: 18
Date: 12/10/2005

; Lille        ; 0-0; Lens
; Toulouse     ; 2-1; Troyes
; Sochaux      ; 1-1; Metz  
; Paris SG     ; 2-0; Rennes
; Nice         ; 1-0; Ajaccio
; Nancy        ; 1-2; Strasbourg
; Marseille    ; 1-0; Auxerre
; Le Mans      ; 1-0; Bordeaux

Date: 12/11/2005

; Nantes       ; 0-0; Monaco 
; Saint-Etienne; 0-0; Lyon

Round: 19
Date: 12/16/2005

; Lyon         ; 1-3; Lille

Date: 12/17/2005

; Ajaccio      ; 1-1; Paris SG
; Strasbourg   ; 0-1; Marseille 
; Bordeaux     ; 0-0; Nantes 
; Troyes       ; 2-1; Sochaux 
; Metz         ; 1-0; Nice 
; Rennes       ; 0-1; Saint-Etienne 
; Auxerre      ; 0-1; Nancy

Date: 12/18/2005

; Lens         ; 2-0; Le Mans
; Monaco       ; 1-0; Toulouse

Round: 20
Date: 1/4/2006

; Strasbourg   ; 0-4; Lyon
; Paris SG     ; 3-1; Sochaux
; Saint-Etienne; 1-1; Troyes
; Nancy        ; 0-0; Bordeaux
; Nantes       ; 0-2; Rennes
; Nice         ; 2-1; Toulouse
; Lille        ; 2-0; Ajaccio
; Le Mans      ; 2-0; Metz
; Marseille    ; 1-1; Lens

Date: 1/5/2006

; Auxerre      ; 2-1; Monaco

Round: 21
Date: 1/11/2006

; Bordeaux     ; 1-0; Auxerre
; Troyes       ; 1-0; Lille
; Sochaux      ; 1-1; Nice
; Rennes       ; 1-0; Le Mans
; Monaco       ; 1-1; Strasbourg
; Ajaccio      ; 0-2; Nantes
; Metz         ; 0-1; Saint-Etienne
; Lens         ; 1-2; Nancy
; Lyon         ; 2-1; Marseille

Date: 1/12/2006

; Toulouse     ; 1-0; Paris SG

Round: 22
Date: 1/14/2006

; Nancy        ; 0-2; Lyon 
; Le Mans      ; 1-0; Ajaccio
; Nantes       ; 0-0; Nice
; Lille        ; 3-0; Sochaux
; Auxerre      ; 1-0; Lens 
; Monaco       ; 0-1; Bordeaux
; Strasbourg   ; 2-1; Metz 

Date: 1/15/2006

; Paris SG     ; 2-1; Troyes
*; Saint Etienne abd Toulouse           [abandoned at; 0-0; in 15' due to frozen pitch]
; Marseille    ; 1-0; Rennes              

Date: 2/1/2005
*, replay/2005

; Saint-Etienne; 1-3; Toulouse

Round: 23
Date: 1/21/2006

; Ajaccio      ; 3-1; Marseille
; Nice         ; 1-0; Paris SG
; Sochaux      ; 4-0; Saint-Etienne
; Bordeaux     ; 2-1; Strasbourg
; Troyes       ; 1-3; Le Mans
; Rennes       ; 0-2; Nancy
; Metz         ; 1-4; Nantes
; Toulouse     ; 0-0; Lille

Date: 1/22/2006

; Lens         ; 1-1; Monaco
; Lyon         ; 1-1; Auxerre

Round: 24
Date: 1/28/2006

; Bordeaux     ; 1-0; Lens
; Marseille    ; 0-0; Sochaux
; Nancy        ; 0-0; Ajaccio
; Le Mans      ; 1-1; Toulouse
; Auxerre      ; 2-0; Rennes

Date: 1/29/2006

; Lille        ; 3-1; Metz

Date: 2/8/2006

; Strasbourg   ; 1-1; Paris SG

Date: 2/14/2006

; Saint-Etienne; 0-1; Nice
; Nantes       ; 1-1; Troyes

Date: 4/23/2006

; Monaco       ; 2-1; Lyon

Round: 25
Date: 2/4/2006

; Paris SG     ; 2-2; Saint-Etienne
; Toulouse     ; 1-0; Nantes
; Nice         ; 2-0; Lille
; Ajaccio      ; 1-0; Auxerre
; Sochaux      ; 0-0; Le Mans
; Rennes       ; 1-3; Monaco
; Lens         ; 2-1; Strasbourg

Date: 2/5/2006

; Troyes       ; 0-1; Marseille
; Lyon         ; 0-0; Bordeaux

Date: 3/7/2006

; Metz         ; 0-0; Nancy

Round: 26
Date: 2/11/2006

; Lens         ; 1-1; Lyon
; Monaco       ; 1-1; Troyes
; Strasbourg   ; 2-2; Ajaccio
; Nantes       ; 3-1; Sochaux
; Nancy        ; 2-0; Saint-Etienne
; Le Mans      ; 2-0; Nice
; Bordeaux     ; 2-0; Rennes
; Auxerre      ; 1-1; Metz

Date: 2/12/2006

; Marseille    ; 0-0; Toulouse
; Lille        ; 0-0; Paris SG

Round: 27
Date: 2/17/2006

; Lyon         ; 3-1; Nantes

Date: 2/18/2006

; Nice         ; 2-0; Monaco
; Troyes       ; 0-1; Nancy
; Paris SG     ; 0-1; Le Mans
; Rennes       ; 4-1; Lens
; Sochaux      ; 1-0; Auxerre
; Saint-Etienne; 0-2; Lille
; Ajaccio      ; 0-2; Bordeaux
; Toulouse     ; 1-2; Strasbourg

Date: 2/19/2006

; Metz         ; 1-0; Marseille

Round: 28
Date: 2/25/2006

; Nantes       ; 0-0; Paris SG
; Auxerre      ; 2-0; Toulouse
; Nancy        ; 0-3; Sochaux
; Le Mans      ; 0-1; Saint-Etienne
; Lyon         ; 1-4; Rennes
; Bordeaux     ; 3-3; Metz

Date: 2/26/2006

; Lens         ; 1-0; Ajaccio
; Monaco       ; 0-1; Lille
; Strasbourg   ; 2-0; Troyes
; Marseille    ; 1-0; Nice

Round: 29
Date: 3/4/2006

; Lille        ; 4-0; Le Mans
; Toulouse     ; 1-1; Nancy
; Rennes       ; 2-1; Strasbourg
; Metz         ; 2-1; Monaco
; Ajaccio      ; 1-3; Lyon
; Nice         ; 0-0; Lens

Date: 3/5/2006

; Paris SG     ; 0-0; Marseille
; Troyes       ; 1-1; Auxerre
; Saint-Etienne; 1-0; Nantes

Date: 4/23/2006

; Sochaux      ; 0-3; Bordeaux

Round: 30
Date: 3/11/2006

; Nancy        ; 1-1; Paris SG
; Auxerre      ; 2-0; Nice  
; Monaco       ; 4-1; Sochaux
; Rennes       ; 3-0; Ajaccio
; Lens         ; 1-0; Troyes
; Lyon         ; 4-0; Metz
; Bordeaux     ; 2-0; Toulouse

Date: 3/12/2006

; Nantes       ; 1-1; Lille
; Strasbourg   ; 1-2; Le Mans
; Marseille    ; 2-0; Saint-Etienne

Round: 31
Date: 3/18/2006

; Le Mans      ; 0-0; Nantes 
; Troyes       ; 1-1; Bordeaux 
; Sochaux      ; 0-4; Lyon 
; Ajaccio      ; 1-0; Monaco 
; Toulouse     ; 1-1; Lens 
; Metz         ; 0-1; Rennes 
; Nice         ; 1-0; Nancy

Date: 3/19/2006

; Lille        ; 0-0; Marseille
; Saint-Etienne; 0-2; Strasbourg
; Paris SG     ; 4-1; Auxerre

Round: 32
Date: 3/25/2006

; Lyon         ; 1-1; Toulouse
; Rennes       ; 2-0; Troyes 
; Lens         ; 2-1; Sochaux
; Marseille    ; 1-1; Le Mans
; Auxerre      ; 0-0; Saint-Etienne
; Strasbourg   ; 2-2; Lille 
; Ajaccio      ; 0-1; Metz 
; Nancy        ; 0-0; Nantes

Date: 3/26/2006

; Bordeaux     ; 1-0; Nice 
; Monaco       ; 1-1; Paris SG

Round: 33
Date: 4/1/2006

; Lille        ; 1-1; Auxerre 
; Troyes       ; 0-1; Lyon 
; Metz         ; 0-1; Lens 
; Nantes       ; 1-3; Marseille 
; Nice         ; 3-1; Strasbourg
; Sochaux      ; 3-1; Ajaccio 
; Saint-Etienne; 1-1; Monaco

Date: 4/2/2006

; Toulouse     ; 0-1; Rennes
; Le Mans      ; 0-0; Nancy
; Paris SG     ; 3-1; Bordeaux

Round: 34
Date: 4/8/2006

; Lens         ; 1-1; Paris SG
; Bordeaux     ; 0-0; Saint-Etienne
; Strasbourg   ; 0-1; Nantes
; Ajaccio      ; 1-0; Toulouse
; Nancy        ; 0-0; Lille
; Monaco       ; 1-0; Marseille
; Metz         ; 2-4; Troyes
; Lyon         ; 2-1; Nice

Date: 4/9/2006

; Auxerre      ; 0-0; Le Mans
; Rennes       ; 2-1; Sochaux

Round: 35
Date: 4/14/2006

; Toulouse     ; 2-0; Metz

Date: 4/15/2006

; Lille        ; 3-2; Bordeaux
; Troyes       ; 3-0; Ajaccio
; Saint-Etienne; 2-0; Lens
; Sochaux      ; 1-1; Strasbourg
; Nantes       ; 3-2; Auxerre
; Marseille    ; 6-0; Nancy
; Le Mans      ; 0-0; Monaco

Date: 4/16/2006

; Nice         ; 2-1; Rennes
; Paris SG     ; 0-1; Lyon

Round: 36
Date: 4/29/2006

; Lens         ; 4-2; Lille

Date: 4/30/2006

; Troyes       ; 3-1; Toulouse
; Strasbourg   ; 1-3; Nancy
; Monaco       ; 1-1; Nantes
; Ajaccio      ; 0-3; Nice
; Bordeaux     ; 2-2; Le Mans
; Metz         ; 0-1; Sochaux
; Lyon         ; 4-0; Saint-Etienne

Date: 5/3/2006

; Rennes       ; 1-1; Paris SG
; Auxerre      ; 1-2; Marseille

Round: 37 
Date: 5/6/2006

; Toulouse     ; 3-3; Monaco
; Marseille    ; 2-2; Strasbourg
; Lille        ; 4-0; Lyon
; Nantes       ; 0-1; Bordeaux
; Nice         ; 2-1; Metz  
; Saint-Etienne; 0-0; Rennes
; Sochaux      ; 1-1; Troyes
; Paris SG     ; 2-4; Ajaccio
; Nancy        ; 1-3; Auxerre
; Le Mans      ; 0-0; Lens

Round: 38 
Date: 5/13/2006

; Ajaccio      ; 3-1; Saint-Etienne 
; Lyon         ; 8-1; Le Mans
; Troyes       ; 1-2; Nice
; Lens         ; 3-1; Nantes 
; Bordeaux     ; 1-1; Marseille
; Monaco       ; 2-2; Nancy 
; Rennes       ; 2-2; Lille 
; Toulouse     ; 1-2; Sochaux 
; Metz         ; 1-0; Paris SG
; Auxerre      ; 4-0; Strasbourg

* 1.Olympique Lyonnais        38 25  9  4  73-31  84  Champions
* 2.FC Girondins Bordeaux     38 18 15  5  43-25  69  Champions League
* 3.Lille OSC                 38 16 14  8  56-31  62  CL Qualifiying
* 4.RC Lens                   38 14 18  6  48-34  60  UEFA Cup
* 5.Olympique de Marseille    38 16 12 10  44-35  60
* 6.AJ Auxerre                38 17  8 13  50-39  59
* 7.Stade Rennais FC          38 18  5 15  48-49  59
* 8.OGC Nice                  38 16 10 12  36-31  58
* 9.Paris-Saint-Germain FC    38 13 13 12  44-38  52  UEFA Cup (Cup)
*10.AS Monaco FC              38 13 13 12  42-36  52
*11.Le Mans UC 72             38 13 13 12  33-36  52
*12.AS Nancy Lorraine         38 12 12 14  35-37  48  UEFA Cup (League Cup)
*13.AS Saint-Etienne          38 11 14 13  29-39  47
*14.FC Nantes                 38 11 12 15  37-41  45
*15.FC Sochaux-Montbéliard    38 11 11 16  34-47  44
*16.Toulouse FC               38 10 11 17  36-47  41
*17.ES Troyes AC              38  9 12 17  37-47  39
*---------------------------------------------------
*18.AC Ajaccio                38  8  9 21  27-53  33  Relegated
*19.RC Strasbourg             38  5 14 19  33-56  29  Relegated
*20.FC Metz                   38  6 11 21  26-59  29  Relegated

*NB: Marseille and PSG temporarily had one point deducted by 
*    the LFP (Ligue de Football Professionnel) for infantile 
*    behaviour around their Mar 5 encounter; this deduction
*    was revoked on appeal




*Prepared and maintained by Karel Stokkermans, Daniel Dalence, Denis Polsinelli and Jan Schoenmakers for the Rec.Sport.Soccer Statistics Foundation
*Authors: Karel Stokkermans, Daniel Dalence (danielballack@terra.com.br), Denis Polsinelli (denis.polsinelli@libertysurf.fr) and Jan Schoenmakers (Jan.Schoenmakers@atosorigin.com) 
*Last updated: 12 Sep 2008
*(C) Copyright Karel Stokkermans, Daniel Dalence, Denis Polsinelli, Jan Schoenmakers and RSSSF 2005/08
*You are free to copy this document in whole or part provided that proper acknowledgement is given to the authors. All rights reserved.